日期,商品名称,分类,单价,销量,销售额,成本,利润
2025-05-01,碎花连衣裙,女装,382.61,27,10330.47,3266.43,7064.04
2025-05-01,高腰阔腿裤,女装,250.67,20,5013.4,3444.81,1568.59
2025-05-01,针织开衫,女装,447.46,14,6264.44,3143.96,3120.48
2025-05-01,雪纺衬衫,女装,314.91,17,5353.47,3720.15,1633.32
2025-05-01,保湿面霜,美妆,357.01,39,13923.39,9201.5,4721.89
2025-05-01,防晒喷雾,美妆,368.97,44,16234.68,7014.66,9220.02
2025-05-01,口红套装,美妆,186.59,21,3918.39,2132.99,1785.4
2025-05-01,眼线笔,美妆,483.8,31,14997.8,7155.11,7842.69
2025-05-01,卸妆油,美妆,45.21,36,1627.56,1084.6,542.96
2025-05-01,快充充电器,数码,359.47,43,15457.21,8503.11,6954.1
2025-05-01,手机支架,数码,416.61,22,9165.42,3643.84,5521.58
2025-05-01,USB-C 数据线,数码,437.18,13,5683.34,3789.69,1893.65
2025-05-01,乳胶枕头,家居,84.11,35,2943.85,1410.66,1533.19
2025-05-01,收纳箱三件套,家居,261.35,32,8363.2,2873.79,5489.41
2025-05-01,香薰蜡烛,家居,357.68,36,12876.48,5576.81,7299.67
2025-05-01,桌布套装,家居,113.55,39,4428.45,2297.89,2130.56
2025-05-02,高腰阔腿裤,女装,385.43,17,6552.31,2274.75,4277.56
2025-05-02,针织开衫,女装,244.04,25,6101.0,3755.1,2345.9
2025-05-02,保湿面霜,美妆,224.89,49,11019.61,6687.39,4332.22
2025-05-02,防晒喷雾,美妆,144.17,15,2162.55,1160.12,1002.43
2025-05-02,眼线笔,美妆,25.83,42,1084.86,560.4,524.46
2025-05-02,卸妆油,美妆,199.88,14,2798.32,1924.17,874.15
2025-05-02,无线蓝牙耳机,数码,270.9,49,13274.1,6307.26,6966.84
2025-05-02,快充充电器,数码,128.05,15,1920.75,1096.25,824.5
2025-05-02,手机支架,数码,476.84,2,953.68,444.86,508.82
2025-05-02,USB-C 数据线,数码,462.26,7,3235.82,1211.37,2024.45
2025-05-02,屏幕清洁套装,数码,432.07,8,3456.56,2064.46,1392.1
2025-05-02,乳胶枕头,家居,487.03,33,16071.99,10841.78,5230.21
2025-05-02,遮光窗帘,家居,417.57,43,17955.51,6750.19,11205.32
2025-05-02,香薰蜡烛,家居,257.19,33,8487.27,3881.58,4605.69
2025-05-02,桌布套装,家居,247.91,48,11899.68,7365.45,4534.23
2025-05-03,碎花连衣裙,女装,474.7,4,1898.8,639.2,1259.6
2025-05-03,高腰阔腿裤,女装,97.01,43,4171.43,2676.11,1495.32
2025-05-03,保湿面霜,美妆,499.86,41,20494.26,9374.34,11119.92
2025-05-03,防晒喷雾,美妆,497.49,24,11939.76,6180.87,5758.89
2025-05-03,口红套装,美妆,145.1,3,435.3,282.25,153.05
2025-05-03,眼线笔,美妆,466.95,25,11673.75,5480.18,6193.57
2025-05-03,卸妆油,美妆,94.78,12,1137.36,448.63,688.73
2025-05-03,快充充电器,数码,81.3,33,2682.9,1190.88,1492.02
2025-05-03,手机支架,数码,286.55,29,8309.95,5141.4,3168.55
2025-05-03,USB-C 数据线,数码,454.7,49,22280.3,9930.38,12349.92
2025-05-03,屏幕清洁套装,数码,190.51,29,5524.79,2013.64,3511.15
2025-05-03,乳胶枕头,家居,361.85,30,10855.5,6100.4,4755.1
2025-05-03,香薰蜡烛,家居,264.97,23,6094.31,3441.3,2653.01
2025-05-03,桌布套装,家居,453.04,23,10419.92,5492.15,4927.77
2025-05-04,高腰阔腿裤,女装,194.43,39,7582.77,3712.69,3870.08
2025-05-04,针织开衫,女装,308.72,31,9570.32,3863.94,5706.38
2025-05-04,雪纺衬衫,女装,243.08,36,8750.88,4292.67,4458.21
2025-05-04,保湿面霜,美妆,88.05,41,3610.05,1301.96,2308.09
2025-05-04,防晒喷雾,美妆,204.12,1,204.12,116.06,88.06
2025-05-04,眼线笔,美妆,301.68,20,6033.6,3692.75,2340.85
2025-05-04,卸妆油,美妆,145.67,39,5681.13,3337.83,2343.3
2025-05-04,无线蓝牙耳机,数码,361.35,28,10117.8,4633.8,5484.0
2025-05-04,快充充电器,数码,230.64,9,2075.76,1352.45,723.31
2025-05-04,乳胶枕头,家居,226.54,41,9288.14,5963.82,3324.32
2025-05-04,遮光窗帘,家居,419.24,37,15511.88,6830.88,8681.0
2025-05-04,收纳箱三件套,家居,298.36,22,6563.92,3759.77,2804.15
2025-05-04,香薰蜡烛,家居,430.35,39,16783.65,9541.66,7241.99
2025-05-05,针织开衫,女装,90.16,5,450.8,138.81,311.99
2025-05-05,牛仔短裙,女装,155.35,49,7612.15,2462.83,5149.32
2025-05-05,雪纺衬衫,女装,189.72,50,9486.0,3500.96,5985.04
2025-05-05,口红套装,美妆,417.03,17,7089.51,4396.77,2692.74
2025-05-05,卸妆油,美妆,319.08,47,14996.76,10263.32,4733.44
2025-05-05,无线蓝牙耳机,数码,195.61,39,7628.79,3318.23,4310.56
2025-05-05,快充充电器,数码,135.7,16,2171.2,1062.66,1108.54
2025-05-05,USB-C 数据线,数码,434.76,36,15651.36,9957.16,5694.2
2025-05-05,遮光窗帘,家居,166.2,49,8143.8,4099.17,4044.63
2025-05-05,收纳箱三件套,家居,305.47,28,8553.16,4110.21,4442.95
2025-05-06,碎花连衣裙,女装,374.77,45,16864.65,11417.03,5447.62
2025-05-06,高腰阔腿裤,女装,462.33,2,924.66,588.21,336.45
2025-05-06,针织开衫,女装,135.79,4,543.16,358.68,184.48
2025-05-06,雪纺衬衫,女装,134.59,35,4710.65,1605.34,3105.31
2025-05-06,防晒喷雾,美妆,212.95,12,2555.4,1703.27,852.13
2025-05-06,口红套装,美妆,92.41,5,462.05,164.26,297.79
2025-05-06,眼线笔,美妆,76.45,1,76.45,52.67,23.78
2025-05-06,无线蓝牙耳机,数码,480.66,11,5287.26,3431.24,1856.02
2025-05-06,手机支架,数码,276.52,44,12166.88,6695.34,5471.54
2025-05-06,屏幕清洁套装,数码,110.49,25,2762.25,1158.81,1603.44
2025-05-06,乳胶枕头,家居,95.49,10,954.9,387.24,567.66
2025-05-06,遮光窗帘,家居,411.44,38,15634.72,4711.57,10923.15
2025-05-06,收纳箱三件套,家居,178.88,20,3577.6,1581.8,1995.8
2025-05-06,香薰蜡烛,家居,352.76,12,4233.12,2084.76,2148.36
2025-05-06,桌布套装,家居,42.65,2,85.3,57.98,27.32
2025-05-07,碎花连衣裙,女装,413.65,32,13236.8,8006.76,5230.04
2025-05-07,牛仔短裙,女装,483.28,48,23197.44,10421.78,12775.66
2025-05-07,雪纺衬衫,女装,147.26,13,1914.38,1133.18,781.2
2025-05-07,保湿面霜,美妆,276.08,44,12147.52,4102.02,8045.5
2025-05-07,防晒喷雾,美妆,354.27,47,16650.69,6763.65,9887.04
2025-05-07,口红套装,美妆,347.56,28,9731.68,4225.81,5505.87
2025-05-07,卸妆油,美妆,405.32,29,11754.28,6815.7,4938.58
2025-05-07,无线蓝牙耳机,数码,354.86,19,6742.34,2285.79,4456.55
2025-05-07,手机支架,数码,416.53,24,9996.72,4945.19,5051.53
2025-05-07,USB-C 数据线,数码,108.96,37,4031.52,2248.9,1782.62
2025-05-07,屏幕清洁套装,数码,405.67,2,811.34,448.99,362.35
2025-05-07,遮光窗帘,家居,188.33,8,1506.64,506.04,1000.6
2025-05-07,收纳箱三件套,家居,269.75,8,2158.0,1172.41,985.59
2025-05-07,桌布套装,家居,199.21,15,2988.15,1061.52,1926.63
2025-05-08,碎花连衣裙,女装,88.16,42,3702.72,1182.33,2520.39
2025-05-08,高腰阔腿裤,女装,60.65,38,2304.7,744.88,1559.82
2025-05-08,针织开衫,女装,33.19,28,929.32,434.24,495.08
2025-05-08,雪纺衬衫,女装,43.67,37,1615.79,564.75,1051.04
2025-05-08,防晒喷雾,美妆,474.64,37,17561.68,9381.74,8179.94
2025-05-08,卸妆油,美妆,79.59,27,2148.93,768.68,1380.25
2025-05-08,快充充电器,数码,410.82,12,4929.84,1682.17,3247.67
2025-05-08,手机支架,数码,106.12,7,742.84,385.61,357.23
2025-05-08,遮光窗帘,家居,222.38,21,4669.98,2270.73,2399.25
2025-05-08,收纳箱三件套,家居,190.37,16,3045.92,1881.62,1164.3
2025-05-08,香薰蜡烛,家居,133.39,37,4935.43,2073.37,2862.06
2025-05-08,桌布套装,家居,181.59,29,5266.11,2186.36,3079.75
2025-05-09,高腰阔腿裤,女装,76.27,46,3508.42,1113.96,2394.46
2025-05-09,牛仔短裙,女装,260.58,26,6775.08,3772.01,3003.07
2025-05-09,雪纺衬衫,女装,234.77,32,7512.64,3976.06,3536.58
2025-05-09,保湿面霜,美妆,210.3,32,6729.6,2649.26,4080.34
2025-05-09,眼线笔,美妆,452.5,25,11312.5,6678.91,4633.59
2025-05-09,卸妆油,美妆,62.13,5,310.65,141.21,169.44
2025-05-09,无线蓝牙耳机,数码,67.25,4,269.0,117.12,151.88
2025-05-09,快充充电器,数码,256.33,42,10765.86,5455.32,5310.54
2025-05-09,USB-C 数据线,数码,309.26,35,10824.1,7343.29,3480.81
2025-05-09,屏幕清洁套装,数码,109.02,38,4142.76,1998.9,2143.86
2025-05-09,乳胶枕头,家居,230.89,36,8312.04,3679.56,4632.48
2025-05-09,遮光窗帘,家居,80.46,49,3942.54,2131.04,1811.5
2025-05-09,收纳箱三件套,家居,167.19,23,3845.37,2614.85,1230.52
2025-05-09,香薰蜡烛,家居,259.26,13,3370.38,1427.41,1942.97
2025-05-09,桌布套装,家居,152.91,43,6575.13,2160.38,4414.75
2025-05-10,碎花连衣裙,女装,196.06,9,1764.54,660.75,1103.79
2025-05-10,高腰阔腿裤,女装,179.09,30,5372.7,3542.32,1830.38
2025-05-10,牛仔短裙,女装,314.08,3,942.24,557.12,385.12
2025-05-10,保湿面霜,美妆,476.37,28,13338.36,4840.0,8498.36
2025-05-10,眼线笔,美妆,463.06,38,17596.28,5724.62,11871.66
2025-05-10,卸妆油,美妆,397.95,7,2785.65,1859.65,926.0
2025-05-10,手机支架,数码,446.44,50,22322.0,9078.21,13243.79
2025-05-10,乳胶枕头,家居,111.75,1,111.75,72.83,38.92
2025-05-10,收纳箱三件套,家居,253.48,2,506.96,200.09,306.87
2025-05-10,香薰蜡烛,家居,427.6,39,16676.4,5028.77,11647.63
2025-05-10,桌布套装,家居,110.87,13,1441.31,622.77,818.54
2025-05-11,碎花连衣裙,女装,223.01,37,8251.37,2524.37,5727.0
2025-05-11,高腰阔腿裤,女装,253.28,18,4559.04,2559.39,1999.65
2025-05-11,牛仔短裙,女装,173.97,16,2783.52,1895.46,888.06
2025-05-11,雪纺衬衫,女装,190.16,27,5134.32,3306.83,1827.49
2025-05-11,保湿面霜,美妆,200.08,19,3801.52,2397.77,1403.75
2025-05-11,眼线笔,美妆,190.85,30,5725.5,3476.15,2249.35
2025-05-11,卸妆油,美妆,485.15,40,19406.0,8734.59,10671.41
2025-05-11,无线蓝牙耳机,数码,129.29,13,1680.77,1136.87,543.9
2025-05-11,快充充电器,数码,192.58,16,3081.28,1311.84,1769.44
2025-05-11,手机支架,数码,226.48,5,1132.4,635.49,496.91
2025-05-11,USB-C 数据线,数码,258.43,15,3876.45,2666.66,1209.79
2025-05-11,遮光窗帘,家居,309.24,5,1546.2,793.81,752.39
2025-05-11,收纳箱三件套,家居,87.6,37,3241.2,2198.27,1042.93
2025-05-11,香薰蜡烛,家居,87.59,50,4379.5,2668.23,1711.27
2025-05-11,桌布套装,家居,491.24,13,6386.12,4336.67,2049.45
2025-05-12,碎花连衣裙,女装,286.49,50,14324.5,6965.43,7359.07
2025-05-12,高腰阔腿裤,女装,299.88,12,3598.56,2236.72,1361.84
2025-05-12,针织开衫,女装,312.77,12,3753.24,1267.28,2485.96
2025-05-12,牛仔短裙,女装,58.98,45,2654.1,1469.79,1184.31
2025-05-12,雪纺衬衫,女装,207.14,29,6007.06,3373.38,2633.68
2025-05-12,保湿面霜,美妆,91.38,1,91.38,57.81,33.57
2025-05-12,眼线笔,美妆,305.81,50,15290.5,7424.67,7865.83
2025-05-12,卸妆油,美妆,423.58,34,14401.72,5666.48,8735.24
2025-05-12,USB-C 数据线,数码,212.29,36,7642.44,5336.54,2305.9
2025-05-12,屏幕清洁套装,数码,358.29,21,7524.09,4538.5,2985.59
2025-05-12,乳胶枕头,家居,29.43,37,1088.91,660.44,428.47
2025-05-12,遮光窗帘,家居,425.59,25,10639.75,3476.33,7163.42
2025-05-12,香薰蜡烛,家居,118.55,4,474.2,231.41,242.79
2025-05-12,桌布套装,家居,207.75,5,1038.75,546.9,491.85
2025-05-13,碎花连衣裙,女装,333.87,43,14356.41,6315.59,8040.82
2025-05-13,高腰阔腿裤,女装,498.36,31,15449.16,6328.27,9120.89
2025-05-13,针织开衫,女装,349.94,39,13647.66,5337.02,8310.64
2025-05-13,雪纺衬衫,女装,489.35,24,11744.4,4285.61,7458.79
2025-05-13,保湿面霜,美妆,43.53,13,565.89,186.66,379.23
2025-05-13,防晒喷雾,美妆,178.44,26,4639.44,2872.51,1766.93
2025-05-13,眼线笔,美妆,412.53,43,17738.79,8932.73,8806.06
2025-05-13,无线蓝牙耳机,数码,474.16,8,3793.28,2140.72,1652.56
2025-05-13,快充充电器,数码,276.65,40,11066.0,5790.46,5275.54
2025-05-13,手机支架,数码,444.5,36,16002.0,5896.51,10105.49
2025-05-13,USB-C 数据线,数码,209.25,27,5649.75,3204.87,2444.88
2025-05-13,屏幕清洁套装,数码,310.51,35,10867.85,3392.92,7474.93
2025-05-13,乳胶枕头,家居,484.22,43,20821.46,8424.89,12396.57
2025-05-13,遮光窗帘,家居,435.07,25,10876.75,6194.41,4682.34
2025-05-13,桌布套装,家居,263.0,49,12887.0,6443.56,6443.44
2025-05-14,高腰阔腿裤,女装,346.78,12,4161.36,2333.71,1827.65
2025-05-14,针织开衫,女装,436.58,42,18336.36,10884.64,7451.72
2025-05-14,雪纺衬衫,女装,118.75,19,2256.25,703.93,1552.32
2025-05-14,防晒喷雾,美妆,499.03,18,8982.54,5692.71,3289.83
2025-05-14,眼线笔,美妆,445.85,17,7579.45,4779.19,2800.26
2025-05-14,卸妆油,美妆,475.42,17,8082.14,3574.69,4507.45
2025-05-14,快充充电器,数码,281.61,28,7885.08,4481.02,3404.06
2025-05-14,手机支架,数码,324.74,42,13639.08,4732.0,8907.08
2025-05-14,USB-C 数据线,数码,402.16,17,6836.72,3940.47,2896.25
2025-05-14,屏幕清洁套装,数码,377.98,9,3401.82,1619.78,1782.04
2025-05-14,乳胶枕头,家居,274.95,19,5224.05,1990.63,3233.42
2025-05-14,遮光窗帘,家居,137.86,30,4135.8,1673.78,2462.02
2025-05-14,香薰蜡烛,家居,294.94,36,10617.84,4185.33,6432.51
2025-05-15,高腰阔腿裤,女装,331.24,16,5299.84,2164.7,3135.14
2025-05-15,牛仔短裙,女装,334.35,20,6687.0,3254.21,3432.79
2025-05-15,雪纺衬衫,女装,206.0,8,1648.0,668.11,979.89
2025-05-15,保湿面霜,美妆,168.09,17,2857.53,1269.51,1588.02
2025-05-15,防晒喷雾,美妆,265.39,11,2919.29,1519.59,1399.7
2025-05-15,口红套装,美妆,95.0,42,3990.0,1308.62,2681.38
2025-05-15,眼线笔,美妆,28.48,18,512.64,195.71,316.93
2025-05-15,卸妆油,美妆,210.78,29,6112.62,4025.55,2087.07
2025-05-15,快充充电器,数码,444.79,38,16902.02,9053.29,7848.73
2025-05-15,手机支架,数码,102.88,7,720.16,431.23,288.93
2025-05-15,USB-C 数据线,数码,341.04,18,6138.72,2952.97,3185.75
2025-05-15,乳胶枕头,家居,257.73,7,1804.11,628.69,1175.42
2025-05-15,遮光窗帘,家居,150.14,8,1201.12,373.79,827.33
2025-05-15,收纳箱三件套,家居,70.23,34,2387.82,1276.0,1111.82
2025-05-15,香薰蜡烛,家居,487.28,11,5360.08,2754.76,2605.32
2025-05-15,桌布套装,家居,250.16,28,7004.48,3271.63,3732.85
2025-05-16,碎花连衣裙,女装,20.65,48,991.2,311.7,679.5
2025-05-16,高腰阔腿裤,女装,130.89,4,523.56,341.25,182.31
2025-05-16,针织开衫,女装,430.81,24,10339.44,4093.24,6246.2
2025-05-16,牛仔短裙,女装,358.47,18,6452.46,2948.2,3504.26
2025-05-16,雪纺衬衫,女装,468.49,14,6558.86,4262.03,2296.83
2025-05-16,保湿面霜,美妆,123.34,47,5796.98,2924.85,2872.13
2025-05-16,口红套装,美妆,218.64,6,1311.84,635.51,676.33
2025-05-16,眼线笔,美妆,228.06,21,4789.26,3218.8,1570.46
2025-05-16,卸妆油,美妆,211.47,5,1057.35,524.55,532.8
2025-05-16,无线蓝牙耳机,数码,24.09,9,216.81,111.35,105.46
2025-05-16,快充充电器,数码,395.71,47,18598.37,5708.82,12889.55
2025-05-16,手机支架,数码,88.57,7,619.99,407.17,212.82
2025-05-16,USB-C 数据线,数码,50.69,47,2382.43,1515.69,866.74
2025-05-16,屏幕清洁套装,数码,209.71,33,6920.43,2719.36,4201.07
2025-05-16,乳胶枕头,家居,257.53,6,1545.18,608.96,936.22
2025-05-16,遮光窗帘,家居,415.09,21,8716.89,3964.06,4752.83
2025-05-16,收纳箱三件套,家居,437.04,5,2185.2,1317.44,867.76
2025-05-16,香薰蜡烛,家居,147.14,10,1471.4,509.34,962.06
2025-05-16,桌布套装,家居,197.43,17,3356.31,2252.73,1103.58
2025-05-17,碎花连衣裙,女装,248.03,27,6696.81,2616.16,4080.65
2025-05-17,针织开衫,女装,359.84,16,5757.44,3189.61,2567.83
2025-05-17,雪纺衬衫,女装,177.51,10,1775.1,1208.26,566.84
2025-05-17,保湿面霜,美妆,25.76,15,386.4,263.71,122.69
2025-05-17,口红套装,美妆,406.7,43,17488.1,9660.12,7827.98
2025-05-17,眼线笔,美妆,305.36,46,14046.56,5878.35,8168.21
2025-05-17,无线蓝牙耳机,数码,140.24,6,841.44,369.49,471.95
2025-05-17,快充充电器,数码,326.87,37,12094.19,5045.8,7048.39
2025-05-17,USB-C 数据线,数码,418.8,1,418.8,213.32,205.48
2025-05-17,遮光窗帘,家居,238.53,5,1192.65,436.16,756.49
2025-05-17,收纳箱三件套,家居,427.15,29,12387.35,7890.39,4496.96
2025-05-17,香薰蜡烛,家居,460.6,31,14278.6,8275.88,6002.72
2025-05-18,碎花连衣裙,女装,406.25,24,9750.0,4054.54,5695.46
2025-05-18,高腰阔腿裤,女装,356.55,43,15331.65,6306.07,9025.58
2025-05-18,针织开衫,女装,135.72,48,6514.56,3047.68,3466.88
2025-05-18,牛仔短裙,女装,404.15,41,16570.15,10580.56,5989.59
2025-05-18,雪纺衬衫,女装,209.77,36,7551.72,2453.38,5098.34
2025-05-18,保湿面霜,美妆,439.53,10,4395.3,2870.67,1524.63
2025-05-18,防晒喷雾,美妆,403.87,44,17770.28,6823.86,10946.42
2025-05-18,口红套装,美妆,442.99,41,18162.59,5951.36,12211.23
2025-05-18,眼线笔,美妆,261.03,31,8091.93,4499.68,3592.25
2025-05-18,卸妆油,美妆,346.07,27,9343.89,5843.21,3500.68
2025-05-18,无线蓝牙耳机,数码,23.65,24,567.6,300.08,267.52
2025-05-18,快充充电器,数码,373.36,4,1493.44,1021.22,472.22
2025-05-18,手机支架,数码,390.57,26,10154.82,4017.03,6137.79
2025-05-18,USB-C 数据线,数码,479.34,34,16297.56,11130.36,5167.2
2025-05-18,收纳箱三件套,家居,416.89,35,14591.15,7607.71,6983.44
2025-05-18,桌布套装,家居,459.52,21,9649.92,3553.98,6095.94
2025-05-19,高腰阔腿裤,女装,177.26,13,2304.38,1568.74,735.64
2025-05-19,针织开衫,女装,103.74,19,1971.06,952.68,1018.38
2025-05-19,保湿面霜,美妆,172.35,44,7583.4,4587.79,2995.61
2025-05-19,口红套装,美妆,408.37,11,4492.07,1774.18,2717.89
2025-05-19,眼线笔,美妆,294.14,13,3823.82,2386.85,1436.97
2025-05-19,卸妆油,美妆,381.71,32,12214.72,4720.24,7494.48
2025-05-19,手机支架,数码,121.91,47,5729.77,2649.28,3080.49
2025-05-19,USB-C 数据线,数码,293.01,18,5274.18,3323.85,1950.33
2025-05-19,屏幕清洁套装,数码,162.05,8,1296.4,534.8,761.6
2025-05-19,乳胶枕头,家居,257.87,32,8251.84,4733.04,3518.8
2025-05-19,遮光窗帘,家居,92.73,14,1298.22,725.57,572.65
2025-05-19,收纳箱三件套,家居,78.71,33,2597.43,1278.29,1319.14
2025-05-19,桌布套装,家居,300.36,35,10512.6,6703.08,3809.52
2025-05-20,碎花连衣裙,女装,395.68,34,13453.12,4685.39,8767.73
2025-05-20,针织开衫,女装,271.66,38,10323.08,3709.12,6613.96
2025-05-20,保湿面霜,美妆,144.94,7,1014.58,618.2,396.38
2025-05-20,防晒喷雾,美妆,26.09,40,1043.6,397.25,646.35
2025-05-20,卸妆油,美妆,203.45,47,9562.15,3150.54,6411.61
2025-05-20,手机支架,数码,220.24,26,5726.24,2726.38,2999.86
2025-05-20,USB-C 数据线,数码,291.81,33,9629.73,6100.65,3529.08
2025-05-20,屏幕清洁套装,数码,477.65,15,7164.75,4369.62,2795.13
2025-05-20,乳胶枕头,家居,67.24,14,941.36,429.37,511.99
2025-05-20,收纳箱三件套,家居,65.75,46,3024.5,1461.52,1562.98
2025-05-20,香薰蜡烛,家居,454.37,39,17720.43,6165.28,11555.15
2025-05-20,桌布套装,家居,257.53,24,6180.72,2913.1,3267.62
2025-05-21,碎花连衣裙,女装,347.83,50,17391.5,11339.01,6052.49
2025-05-21,针织开衫,女装,426.93,7,2988.51,1939.1,1049.41
2025-05-21,牛仔短裙,女装,97.15,27,2623.05,1213.68,1409.37
2025-05-21,防晒喷雾,美妆,296.62,27,8008.74,3071.04,4937.7
2025-05-21,口红套装,美妆,455.69,22,10025.18,4325.83,5699.35
2025-05-21,卸妆油,美妆,423.2,26,11003.2,3659.51,7343.69
2025-05-21,无线蓝牙耳机,数码,32.02,7,224.14,74.75,149.39
2025-05-21,手机支架,数码,162.96,17,2770.32,1012.11,1758.21
2025-05-21,乳胶枕头,家居,431.67,15,6475.05,3429.01,3046.04
2025-05-21,收纳箱三件套,家居,314.57,18,5662.26,2008.68,3653.58
2025-05-21,香薰蜡烛,家居,305.87,29,8870.23,5877.43,2992.8
2025-05-21,桌布套装,家居,147.79,28,4138.12,1500.86,2637.26
2025-05-22,高腰阔腿裤,女装,322.97,31,10012.07,6380.81,3631.26
2025-05-22,针织开衫,女装,245.2,33,8091.6,3021.67,5069.93
2025-05-22,牛仔短裙,女装,397.38,1,397.38,178.19,219.19
2025-05-22,雪纺衬衫,女装,48.59,49,2380.91,935.46,1445.45
2025-05-22,口红套装,美妆,373.26,27,10078.02,5506.19,4571.83
2025-05-22,卸妆油,美妆,256.31,8,2050.48,1147.3,903.18
2025-05-22,无线蓝牙耳机,数码,26.26,48,1260.48,790.33,470.15
2025-05-22,手机支架,数码,234.77,36,8451.72,4998.21,3453.51
2025-05-22,USB-C 数据线,数码,88.28,43,3796.04,1195.21,2600.83
2025-05-22,屏幕清洁套装,数码,128.91,50,6445.5,2442.53,4002.97
2025-05-22,乳胶枕头,家居,404.41,43,17389.63,10467.11,6922.52
2025-05-22,遮光窗帘,家居,296.67,47,13943.49,4578.63,9364.86
2025-05-22,收纳箱三件套,家居,286.09,25,7152.25,2720.94,4431.31
2025-05-22,香薰蜡烛,家居,445.47,27,12027.69,5013.08,7014.61
2025-05-22,桌布套装,家居,258.2,21,5422.2,3784.35,1637.85
2025-05-23,碎花连衣裙,女装,83.08,2,166.16,90.6,75.56
2025-05-23,高腰阔腿裤,女装,355.45,48,17061.6,9564.2,7497.4
2025-05-23,针织开衫,女装,446.43,15,6696.45,2730.19,3966.26
2025-05-23,雪纺衬衫,女装,101.88,36,3667.68,2105.63,1562.05
2025-05-23,保湿面霜,美妆,358.44,4,1433.76,761.12,672.64
2025-05-23,眼线笔,美妆,102.56,8,820.48,437.42,383.06
2025-05-23,卸妆油,美妆,390.37,37,14443.69,4686.53,9757.16
2025-05-23,无线蓝牙耳机,数码,177.38,12,2128.56,1453.14,675.42
2025-05-23,快充充电器,数码,393.84,42,16541.28,8371.82,8169.46
2025-05-23,屏幕清洁套装,数码,224.48,22,4938.56,2532.13,2406.43
2025-05-23,遮光窗帘,家居,260.55,34,8858.7,5783.8,3074.9
2025-05-23,收纳箱三件套,家居,463.37,12,5560.44,2351.64,3208.8
2025-05-23,香薰蜡烛,家居,297.56,20,5951.2,3155.4,2795.8
2025-05-23,桌布套装,家居,270.66,49,13262.34,7550.19,5712.15
2025-05-24,碎花连衣裙,女装,475.07,6,2850.42,874.6,1975.82
2025-05-24,高腰阔腿裤,女装,198.9,23,4574.7,1610.85,2963.85
2025-05-24,牛仔短裙,女装,122.2,30,3666.0,2421.99,1244.01
2025-05-24,保湿面霜,美妆,256.65,2,513.3,259.24,254.06
2025-05-24,防晒喷雾,美妆,189.11,4,756.44,289.15,467.29
2025-05-24,眼线笔,美妆,98.39,14,1377.46,948.1,429.36
2025-05-24,卸妆油,美妆,383.5,24,9204.0,6327.06,2876.94
2025-05-24,快充充电器,数码,292.9,31,9079.9,3369.12,5710.78
2025-05-24,手机支架,数码,398.87,44,17550.28,9774.65,7775.63
2025-05-24,乳胶枕头,家居,410.7,13,5339.1,2845.31,2493.79
2025-05-24,收纳箱三件套,家居,290.48,37,10747.76,4430.57,6317.19
2025-05-24,香薰蜡烛,家居,67.89,19,1289.91,666.71,623.2
2025-05-24,桌布套装,家居,235.54,14,3297.56,1330.13,1967.43
2025-05-25,碎花连衣裙,女装,422.3,12,5067.6,1962.72,3104.88
2025-05-25,牛仔短裙,女装,357.35,10,3573.5,2224.69,1348.81
2025-05-25,保湿面霜,美妆,21.17,30,635.1,410.47,224.63
2025-05-25,防晒喷雾,美妆,71.06,34,2416.04,887.8,1528.24
2025-05-25,口红套装,美妆,424.93,44,18696.92,7887.12,10809.8
2025-05-25,眼线笔,美妆,56.28,49,2757.72,1107.4,1650.32
2025-05-25,卸妆油,美妆,345.38,20,6907.6,2278.12,4629.48
2025-05-25,无线蓝牙耳机,数码,335.47,3,1006.41,674.15,332.26
2025-05-25,快充充电器,数码,448.97,5,2244.85,952.52,1292.33
2025-05-25,USB-C 数据线,数码,89.17,32,2853.44,1837.3,1016.14
2025-05-25,乳胶枕头,家居,463.46,6,2780.76,1475.33,1305.43
2025-05-25,遮光窗帘,家居,331.62,21,6964.02,3425.05,3538.97
2025-05-25,收纳箱三件套,家居,487.27,9,4385.43,2150.32,2235.11
2025-05-25,桌布套装,家居,124.48,16,1991.68,664.85,1326.83
2025-05-26,碎花连衣裙,女装,464.49,1,464.49,179.12,285.37
2025-05-26,高腰阔腿裤,女装,323.68,3,971.04,624.59,346.45
2025-05-26,针织开衫,女装,31.84,37,1178.08,553.26,624.82
2025-05-26,牛仔短裙,女装,75.33,44,3314.52,1960.84,1353.68
2025-05-26,保湿面霜,美妆,473.44,21,9942.24,6262.87,3679.37
2025-05-26,口红套装,美妆,242.66,7,1698.62,1109.75,588.87
2025-05-26,眼线笔,美妆,343.86,39,13410.54,7149.3,6261.24
2025-05-26,卸妆油,美妆,106.86,11,1175.46,643.51,531.95
2025-05-26,快充充电器,数码,48.64,41,1994.24,699.64,1294.6
2025-05-26,手机支架,数码,34.66,12,415.92,137.64,278.28
2025-05-26,USB-C 数据线,数码,389.53,36,14023.08,6713.74,7309.34
2025-05-26,屏幕清洁套装,数码,311.5,42,13083.0,6451.17,6631.83
2025-05-26,遮光窗帘,家居,152.18,4,608.72,422.98,185.74
2025-05-26,收纳箱三件套,家居,197.75,30,5932.5,1823.56,4108.94
2025-05-26,香薰蜡烛,家居,223.16,37,8256.92,3634.55,4622.37
2025-05-27,碎花连衣裙,女装,113.34,14,1586.76,750.51,836.25
2025-05-27,高腰阔腿裤,女装,77.02,49,3773.98,1852.65,1921.33
2025-05-27,针织开衫,女装,317.35,11,3490.85,1934.55,1556.3
2025-05-27,牛仔短裙,女装,493.58,27,13326.66,7821.26,5505.4
2025-05-27,保湿面霜,美妆,430.13,43,18495.59,12487.44,6008.15
2025-05-27,眼线笔,美妆,421.85,25,10546.25,4700.58,5845.67
2025-05-27,卸妆油,美妆,29.93,48,1436.64,599.63,837.01
2025-05-27,无线蓝牙耳机,数码,75.3,3,225.9,126.0,99.9
2025-05-27,快充充电器,数码,333.84,21,7010.64,4391.31,2619.33
2025-05-27,手机支架,数码,220.37,45,9916.65,3771.23,6145.42
2025-05-27,USB-C 数据线,数码,136.51,40,5460.4,2477.51,2982.89
2025-05-27,屏幕清洁套装,数码,266.39,4,1065.56,362.05,703.51
2025-05-27,遮光窗帘,家居,392.89,4,1571.56,727.16,844.4
2025-05-27,收纳箱三件套,家居,393.86,6,2363.16,1516.53,846.63
2025-05-27,香薰蜡烛,家居,212.51,3,637.53,431.54,205.99
2025-05-27,桌布套装,家居,297.05,3,891.15,392.92,498.23
2025-05-28,碎花连衣裙,女装,355.16,19,6748.04,2554.55,4193.49
2025-05-28,针织开衫,女装,176.54,24,4236.96,2684.8,1552.16
2025-05-28,牛仔短裙,女装,135.2,16,2163.2,1073.96,1089.24
2025-05-28,保湿面霜,美妆,292.9,6,1757.4,956.59,800.81
2025-05-28,防晒喷雾,美妆,217.68,4,870.72,490.23,380.49
2025-05-28,口红套装,美妆,20.87,42,876.54,430.74,445.8
2025-05-28,卸妆油,美妆,310.86,15,4662.9,2712.4,1950.5
2025-05-28,无线蓝牙耳机,数码,62.89,26,1635.14,982.36,652.78
2025-05-28,快充充电器,数码,400.98,3,1202.94,734.11,468.83
2025-05-28,手机支架,数码,97.54,46,4486.84,1618.16,2868.68
2025-05-28,USB-C 数据线,数码,39.7,42,1667.4,510.26,1157.14
2025-05-28,屏幕清洁套装,数码,182.98,37,6770.26,3587.33,3182.93
2025-05-28,遮光窗帘,家居,438.13,30,13143.9,5797.54,7346.36
2025-05-28,收纳箱三件套,家居,394.0,12,4728.0,2331.87,2396.13
2025-05-28,香薰蜡烛,家居,44.82,16,717.12,263.89,453.23
2025-05-28,桌布套装,家居,252.23,6,1513.38,656.56,856.82
2025-05-29,针织开衫,女装,101.35,9,912.15,506.4,405.75
2025-05-29,牛仔短裙,女装,117.3,10,1173.0,535.67,637.33
2025-05-29,雪纺衬衫,女装,78.58,13,1021.54,388.69,632.85
2025-05-29,保湿面霜,美妆,48.73,27,1315.71,912.97,402.74
2025-05-29,防晒喷雾,美妆,494.67,9,4452.03,1649.73,2802.3
2025-05-29,口红套装,美妆,267.07,47,12552.29,7090.63,5461.66
2025-05-29,无线蓝牙耳机,数码,78.74,1,78.74,53.06,25.68
2025-05-29,手机支架,数码,53.15,35,1860.25,1235.14,625.11
2025-05-29,乳胶枕头,家居,96.26,24,2310.24,757.04,1553.2
2025-05-29,遮光窗帘,家居,420.34,32,13450.88,6045.63,7405.25
2025-05-29,收纳箱三件套,家居,139.89,25,3497.25,2277.04,1220.21
2025-05-29,香薰蜡烛,家居,99.85,12,1198.2,507.4,690.8
2025-05-29,桌布套装,家居,378.46,35,13246.1,6204.67,7041.43
2025-05-30,碎花连衣裙,女装,182.73,39,7126.47,2960.61,4165.86
2025-05-30,高腰阔腿裤,女装,181.75,27,4907.25,1508.79,3398.46
2025-05-30,牛仔短裙,女装,331.32,23,7620.36,2546.79,5073.57
2025-05-30,雪纺衬衫,女装,459.97,35,16098.95,7531.84,8567.11
2025-05-30,保湿面霜,美妆,231.9,11,2550.9,989.19,1561.71
2025-05-30,防晒喷雾,美妆,342.02,44,15048.88,7901.3,7147.58
2025-05-30,眼线笔,美妆,159.71,33,5270.43,3163.29,2107.14
2025-05-30,卸妆油,美妆,479.93,31,14877.83,7532.37,7345.46
2025-05-30,无线蓝牙耳机,数码,382.02,38,14516.76,8465.98,6050.78
2025-05-30,快充充电器,数码,413.17,50,20658.5,13595.54,7062.96
2025-05-30,手机支架,数码,446.48,9,4018.32,1629.97,2388.35
2025-05-30,USB-C 数据线,数码,403.95,36,14542.2,6676.96,7865.24
2025-05-30,屏幕清洁套装,数码,332.84,30,9985.2,4118.97,5866.23
2025-05-30,乳胶枕头,家居,90.51,48,4344.48,2823.73,1520.75
2025-05-30,遮光窗帘,家居,484.15,47,22755.05,13478.5,9276.55
2025-05-30,收纳箱三件套,家居,340.74,1,340.74,234.74,106.0
2025-05-30,桌布套装,家居,456.54,9,4108.86,1949.96,2158.9
2025-05-31,碎花连衣裙,女装,155.26,2,310.52,170.4,140.12
2025-05-31,高腰阔腿裤,女装,488.81,4,1955.24,897.22,1058.02
2025-05-31,针织开衫,女装,494.57,30,14837.1,4496.27,10340.83
2025-05-31,牛仔短裙,女装,467.21,2,934.42,307.48,626.94
2025-05-31,保湿面霜,美妆,305.78,26,7950.28,5476.69,2473.59
2025-05-31,防晒喷雾,美妆,274.57,5,1372.85,632.29,740.56
2025-05-31,眼线笔,美妆,150.7,28,4219.6,2220.61,1998.99
2025-05-31,卸妆油,美妆,324.78,8,2598.24,1417.04,1181.2
2025-05-31,无线蓝牙耳机,数码,77.73,20,1554.6,1011.78,542.82
2025-05-31,屏幕清洁套装,数码,388.27,27,10483.29,6987.75,3495.54
2025-05-31,乳胶枕头,家居,101.86,42,4278.12,1602.36,2675.76
2025-05-31,遮光窗帘,家居,263.86,43,11345.98,7708.29,3637.69
2025-05-31,收纳箱三件套,家居,48.1,42,2020.2,1369.57,650.63
2025-05-31,香薰蜡烛,家居,250.54,31,7766.74,3118.09,4648.65
2025-06-01,针织开衫,女装,346.67,9,3120.03,2121.95,998.08
2025-06-01,牛仔短裙,女装,360.08,9,3240.72,1163.29,2077.43
2025-06-01,雪纺衬衫,女装,336.15,9,3025.35,1187.35,1838.0
2025-06-01,保湿面霜,美妆,270.14,14,3781.96,2641.84,1140.12
2025-06-01,眼线笔,美妆,210.43,13,2735.59,1046.01,1689.58
2025-06-01,卸妆油,美妆,304.48,16,4871.68,1871.37,3000.31
2025-06-01,快充充电器,数码,280.48,4,1121.92,712.95,408.97
2025-06-01,手机支架,数码,113.87,25,2846.75,888.61,1958.14
2025-06-01,USB-C 数据线,数码,436.15,42,18318.3,11422.37,6895.93
2025-06-01,乳胶枕头,家居,193.22,22,4250.84,2364.97,1885.87
2025-06-01,香薰蜡烛,家居,177.16,26,4606.16,2269.59,2336.57
2025-06-01,桌布套装,家居,168.44,14,2358.16,1628.48,729.68
2025-06-02,针织开衫,女装,451.6,32,14451.2,4475.95,9975.25
2025-06-02,雪纺衬衫,女装,175.22,4,700.88,356.83,344.05
2025-06-02,保湿面霜,美妆,442.67,24,10624.08,5742.15,4881.93
2025-06-02,防晒喷雾,美妆,394.04,34,13397.36,4069.64,9327.72
2025-06-02,口红套装,美妆,423.78,19,8051.82,5486.3,2565.52
2025-06-02,快充充电器,数码,69.28,11,762.08,362.4,399.68
2025-06-02,手机支架,数码,462.08,36,16634.88,7339.52,9295.36
2025-06-02,屏幕清洁套装,数码,465.47,11,5120.17,2631.03,2489.14
2025-06-02,乳胶枕头,家居,160.15,37,5925.55,3142.19,2783.36
2025-06-02,遮光窗帘,家居,299.74,15,4496.1,1867.52,2628.58
2025-06-02,香薰蜡烛,家居,423.06,19,8038.14,3783.56,4254.58
2025-06-03,碎花连衣裙,女装,321.63,18,5789.34,2845.96,2943.38
2025-06-03,高腰阔腿裤,女装,273.35,34,9293.9,3481.54,5812.36
2025-06-03,针织开衫,女装,314.3,33,10371.9,4443.3,5928.6
2025-06-03,牛仔短裙,女装,248.27,19,4717.13,3195.5,1521.63
2025-06-03,雪纺衬衫,女装,161.13,20,3222.6,1634.81,1587.79
2025-06-03,保湿面霜,美妆,375.4,48,18019.2,10286.98,7732.22
2025-06-03,防晒喷雾,美妆,151.03,21,3171.63,1656.36,1515.27
2025-06-03,口红套装,美妆,71.87,4,287.48,122.96,164.52
2025-06-03,眼线笔,美妆,497.68,5,2488.4,1492.86,995.54
2025-06-03,无线蓝牙耳机,数码,132.7,18,2388.6,1022.42,1366.18
2025-06-03,快充充电器,数码,334.37,36,12037.32,5509.29,6528.03
2025-06-03,乳胶枕头,家居,377.47,36,13588.92,8708.12,4880.8
2025-06-03,香薰蜡烛,家居,16.47,27,444.69,182.39,262.3
2025-06-04,碎花连衣裙,女装,299.09,15,4486.35,2958.56,1527.79
2025-06-04,高腰阔腿裤,女装,191.88,5,959.4,450.56,508.84
2025-06-04,针织开衫,女装,60.85,33,2008.05,1263.09,744.96
2025-06-04,雪纺衬衫,女装,15.71,10,157.1,94.43,62.67
2025-06-04,眼线笔,美妆,421.84,25,10546.0,7102.73,3443.27
2025-06-04,卸妆油,美妆,323.79,19,6152.01,2784.65,3367.36
2025-06-04,快充充电器,数码,101.91,9,917.19,485.45,431.74
2025-06-04,手机支架,数码,220.59,16,3529.44,2024.57,1504.87
2025-06-04,屏幕清洁套装,数码,51.32,29,1488.28,613.67,874.61
2025-06-04,收纳箱三件套,家居,398.95,26,10372.7,6351.37,4021.33
2025-06-04,香薰蜡烛,家居,233.8,6,1402.8,712.82,689.98
2025-06-04,桌布套装,家居,245.1,30,7353.0,3272.53,4080.47
2025-06-05,碎花连衣裙,女装,379.01,48,18192.48,7935.33,10257.15
2025-06-05,针织开衫,女装,137.29,4,549.16,328.92,220.24
2025-06-05,牛仔短裙,女装,465.66,18,8381.88,4703.57,3678.31
2025-06-05,雪纺衬衫,女装,460.93,49,22585.57,7649.4,14936.17
2025-06-05,防晒喷雾,美妆,61.88,32,1980.16,890.71,1089.45
2025-06-05,眼线笔,美妆,40.02,16,640.32,443.05,197.27
2025-06-05,无线蓝牙耳机,数码,289.1,31,8962.1,5721.71,3240.39
2025-06-05,屏幕清洁套装,数码,279.74,29,8112.46,5589.36,2523.1
2025-06-05,乳胶枕头,家居,206.54,25,5163.5,1622.66,3540.84
2025-06-05,遮光窗帘,家居,388.28,30,11648.4,5840.01,5808.39
2025-06-05,收纳箱三件套,家居,446.15,8,3569.2,2028.3,1540.9
2025-06-05,香薰蜡烛,家居,62.46,25,1561.5,722.15,839.35
2025-06-06,碎花连衣裙,女装,491.86,19,9345.34,6074.72,3270.62
2025-06-06,针织开衫,女装,135.11,47,6350.17,3562.08,2788.09
2025-06-06,牛仔短裙,女装,145.02,5,725.1,384.64,340.46
2025-06-06,雪纺衬衫,女装,491.05,23,11294.15,6805.01,4489.14
2025-06-06,保湿面霜,美妆,133.01,11,1463.11,511.19,951.92
2025-06-06,防晒喷雾,美妆,385.86,34,13119.24,5480.25,7638.99
2025-06-06,口红套装,美妆,302.75,46,13926.5,9114.84,4811.66
2025-06-06,卸妆油,美妆,201.95,32,6462.4,2297.05,4165.35
2025-06-06,无线蓝牙耳机,数码,217.55,24,5221.2,3244.25,1976.95
2025-06-06,快充充电器,数码,467.67,47,21980.49,15380.42,6600.07
2025-06-06,手机支架,数码,311.46,16,4983.36,2744.29,2239.07
2025-06-06,USB-C 数据线,数码,261.29,29,7577.41,5264.51,2312.9
2025-06-07,碎花连衣裙,女装,59.43,40,2377.2,1345.91,1031.29
2025-06-07,高腰阔腿裤,女装,322.7,3,968.1,534.79,433.31
2025-06-07,针织开衫,女装,271.09,7,1897.63,1315.06,582.57
2025-06-07,牛仔短裙,女装,400.84,25,10021.0,6906.74,3114.26
2025-06-07,雪纺衬衫,女装,85.03,4,340.12,114.42,225.7
2025-06-07,口红套装,美妆,356.9,38,13562.2,7120.83,6441.37
2025-06-07,眼线笔,美妆,292.94,3,878.82,547.36,331.46
2025-06-07,卸妆油,美妆,260.02,5,1300.1,394.6,905.5
2025-06-07,无线蓝牙耳机,数码,456.46,5,2282.3,1330.27,952.03
2025-06-07,手机支架,数码,270.84,2,541.68,320.25,221.43
2025-06-07,USB-C 数据线,数码,120.71,47,5673.37,2409.06,3264.31
2025-06-07,乳胶枕头,家居,161.33,3,483.99,199.95,284.04
2025-06-07,遮光窗帘,家居,248.4,14,3477.6,1413.84,2063.76
2025-06-07,收纳箱三件套,家居,227.8,7,1594.6,833.51,761.09
2025-06-07,桌布套装,家居,57.78,42,2426.76,854.41,1572.35
2025-06-08,碎花连衣裙,女装,223.08,47,10484.76,3571.39,6913.37
2025-06-08,高腰阔腿裤,女装,239.72,3,719.16,390.66,328.5
2025-06-08,牛仔短裙,女装,144.48,22,3178.56,1744.5,1434.06
2025-06-08,雪纺衬衫,女装,495.35,49,24272.15,12940.37,11331.78
2025-06-08,防晒喷雾,美妆,271.1,10,2711.0,1286.78,1424.22
2025-06-08,眼线笔,美妆,365.42,44,16078.48,10376.49,5701.99
2025-06-08,卸妆油,美妆,259.66,10,2596.6,1272.89,1323.71
2025-06-08,快充充电器,数码,448.41,6,2690.46,933.31,1757.15
2025-06-08,手机支架,数码,342.92,23,7887.16,3796.98,4090.18
2025-06-08,USB-C 数据线,数码,154.45,17,2625.65,975.56,1650.09
2025-06-08,乳胶枕头,家居,353.75,6,2122.5,839.83,1282.67
2025-06-08,遮光窗帘,家居,135.3,48,6494.4,4525.66,1968.74
2025-06-08,香薰蜡烛,家居,452.17,16,7234.72,4473.97,2760.75
2025-06-08,桌布套装,家居,29.63,48,1422.24,987.86,434.38
2025-06-09,高腰阔腿裤,女装,109.6,26,2849.6,1685.63,1163.97
2025-06-09,牛仔短裙,女装,343.2,46,15787.2,5862.09,9925.11
2025-06-09,雪纺衬衫,女装,157.59,5,787.95,351.81,436.14
2025-06-09,防晒喷雾,美妆,398.17,7,2787.19,1803.1,984.09
2025-06-09,口红套装,美妆,160.4,46,7378.4,2410.08,4968.32
2025-06-09,眼线笔,美妆,295.2,37,10922.4,3279.02,7643.38
2025-06-09,卸妆油,美妆,37.06,13,481.78,321.37,160.41
2025-06-09,无线蓝牙耳机,数码,248.27,49,12165.23,6732.55,5432.68
2025-06-09,快充充电器,数码,473.19,19,8990.61,4090.58,4900.03
2025-06-09,手机支架,数码,80.89,28,2264.92,743.55,1521.37
2025-06-09,屏幕清洁套装,数码,154.94,45,6972.3,4119.29,2853.01
2025-06-09,乳胶枕头,家居,207.75,47,9764.25,6326.43,3437.82
2025-06-09,遮光窗帘,家居,263.78,27,7122.06,2233.11,4888.95
2025-06-09,收纳箱三件套,家居,337.86,1,337.86,221.21,116.65
2025-06-09,香薰蜡烛,家居,329.95,45,14847.75,5206.31,9641.44
2025-06-09,桌布套装,家居,447.62,36,16114.32,8851.9,7262.42
2025-06-10,碎花连衣裙,女装,440.77,3,1322.31,526.43,795.88
2025-06-10,高腰阔腿裤,女装,323.99,14,4535.86,1593.67,2942.19
2025-06-10,针织开衫,女装,441.68,29,12808.72,8038.11,4770.61
2025-06-10,牛仔短裙,女装,372.27,4,1489.08,828.68,660.4
2025-06-10,雪纺衬衫,女装,238.42,4,953.68,353.45,600.23
2025-06-10,保湿面霜,美妆,70.1,21,1472.1,526.9,945.2
2025-06-10,防晒喷雾,美妆,418.82,7,2931.74,1357.26,1574.48
2025-06-10,眼线笔,美妆,369.51,22,8129.22,3177.14,4952.08
2025-06-10,快充充电器,数码,415.73,30,12471.9,7655.27,4816.63
2025-06-10,USB-C 数据线,数码,253.62,34,8623.08,2809.05,5814.03
2025-06-10,屏幕清洁套装,数码,310.5,38,11799.0,3581.94,8217.06
2025-06-10,乳胶枕头,家居,162.06,13,2106.78,1340.77,766.01
2025-06-10,遮光窗帘,家居,63.16,41,2589.56,1754.71,834.85
2025-06-10,收纳箱三件套,家居,465.85,19,8851.15,5651.89,3199.26
2025-06-10,香薰蜡烛,家居,494.35,16,7909.6,2593.81,5315.79
2025-06-11,碎花连衣裙,女装,126.9,11,1395.9,922.41,473.49
2025-06-11,高腰阔腿裤,女装,449.76,19,8545.44,4454.09,4091.35
2025-06-11,针织开衫,女装,369.84,37,13684.08,4156.28,9527.8
2025-06-11,雪纺衬衫,女装,23.89,10,238.9,165.96,72.94
2025-06-11,保湿面霜,美妆,169.66,17,2884.22,1620.53,1263.69
2025-06-11,防晒喷雾,美妆,43.86,38,1666.68,522.01,1144.67
2025-06-11,口红套装,美妆,422.91,14,5920.74,1948.44,3972.3
2025-06-11,眼线笔,美妆,245.46,36,8836.56,5019.0,3817.56
2025-06-11,无线蓝牙耳机,数码,349.09,12,4189.08,1346.42,2842.66
2025-06-11,快充充电器,数码,315.65,39,12310.35,6538.22,5772.13
2025-06-11,手机支架,数码,401.36,4,1605.44,675.19,930.25
2025-06-11,屏幕清洁套装,数码,212.49,43,9137.07,5140.46,3996.61
2025-06-11,乳胶枕头,家居,126.75,6,760.5,269.2,491.3
2025-06-11,遮光窗帘,家居,368.18,28,10309.04,5287.75,5021.29
2025-06-12,碎花连衣裙,女装,27.13,18,488.34,194.34,294.0
2025-06-12,牛仔短裙,女装,279.5,38,10621.0,4978.79,5642.21
2025-06-12,防晒喷雾,美妆,27.87,13,362.31,212.46,149.85
2025-06-12,口红套装,美妆,218.47,29,6335.63,3394.04,2941.59
2025-06-12,眼线笔,美妆,18.15,11,199.65,115.65,84.0
2025-06-12,卸妆油,美妆,90.41,49,4430.09,1925.48,2504.61
2025-06-12,手机支架,数码,307.81,3,923.43,546.57,376.86
2025-06-12,USB-C 数据线,数码,486.96,25,12174.0,4035.93,8138.07
2025-06-12,乳胶枕头,家居,444.44,24,10666.56,5663.31,5003.25
2025-06-12,遮光窗帘,家居,37.22,15,558.3,340.13,218.17
2025-06-12,收纳箱三件套,家居,429.83,7,3008.81,1360.13,1648.68
2025-06-12,香薰蜡烛,家居,419.54,11,4614.94,2067.83,2547.11
2025-06-13,高腰阔腿裤,女装,84.81,30,2544.3,1139.72,1404.58
2025-06-13,针织开衫,女装,61.7,39,2406.3,1201.49,1204.81
2025-06-13,雪纺衬衫,女装,195.6,36,7041.6,4609.45,2432.15
2025-06-13,保湿面霜,美妆,206.06,4,824.24,527.8,296.44
2025-06-13,防晒喷雾,美妆,197.29,7,1381.03,503.03,878.0
2025-06-13,口红套装,美妆,77.42,25,1935.5,1043.02,892.48
2025-06-13,眼线笔,美妆,293.95,25,7348.75,2391.38,4957.37
2025-06-13,卸妆油,美妆,105.51,4,422.04,268.27,153.77
2025-06-13,快充充电器,数码,268.29,7,1878.03,1305.78,572.25
2025-06-13,手机支架,数码,332.18,42,13951.56,7976.12,5975.44
2025-06-13,屏幕清洁套装,数码,396.64,47,18642.08,8062.89,10579.19
2025-06-13,乳胶枕头,家居,355.06,11,3905.66,1369.07,2536.59
2025-06-13,收纳箱三件套,家居,440.05,18,7920.9,3542.39,4378.51
2025-06-13,桌布套装,家居,485.05,36,17461.8,9867.01,7594.79
2025-06-14,碎花连衣裙,女装,277.86,8,2222.88,823.95,1398.93
2025-06-14,防晒喷雾,美妆,494.9,45,22270.5,12329.07,9941.43
2025-06-14,口红套装,美妆,386.56,43,16622.08,7154.94,9467.14
2025-06-14,卸妆油,美妆,314.35,8,2514.8,1268.48,1246.32
2025-06-14,无线蓝牙耳机,数码,145.95,21,3064.95,1051.54,2013.41
2025-06-14,快充充电器,数码,485.24,3,1455.72,637.34,818.38
2025-06-14,USB-C 数据线,数码,107.43,9,966.87,389.98,576.89
2025-06-14,遮光窗帘,家居,411.1,28,11510.8,6721.67,4789.13
2025-06-14,收纳箱三件套,家居,351.94,42,14781.48,9232.5,5548.98
2025-06-14,香薰蜡烛,家居,243.38,30,7301.4,3913.47,3387.93
2025-06-14,桌布套装,家居,128.13,30,3843.9,2680.75,1163.15
2025-06-15,高腰阔腿裤,女装,54.71,22,1203.62,371.48,832.14
2025-06-15,针织开衫,女装,70.7,8,565.6,386.04,179.56
2025-06-15,牛仔短裙,女装,329.91,40,13196.4,4310.65,8885.75
2025-06-15,保湿面霜,美妆,89.75,49,4397.75,2581.13,1816.62
2025-06-15,口红套装,美妆,354.72,3,1064.16,392.55,671.61
2025-06-15,卸妆油,美妆,481.9,7,3373.3,1567.09,1806.21
2025-06-15,快充充电器,数码,395.18,45,17783.1,11568.49,6214.61
2025-06-15,手机支架,数码,335.45,41,13753.45,8153.29,5600.16
2025-06-15,USB-C 数据线,数码,326.98,38,12425.24,7023.94,5401.3
2025-06-15,屏幕清洁套装,数码,196.23,14,2747.22,1210.25,1536.97
2025-06-15,乳胶枕头,家居,23.2,32,742.4,434.02,308.38
2025-06-15,遮光窗帘,家居,116.81,25,2920.25,1851.96,1068.29
2025-06-15,香薰蜡烛,家居,56.89,25,1422.25,461.86,960.39
2025-06-15,桌布套装,家居,452.83,40,18113.2,11655.1,6458.1
2025-06-16,碎花连衣裙,女装,209.0,38,7942.0,4247.07,3694.93
2025-06-16,高腰阔腿裤,女装,322.75,10,3227.5,1721.85,1505.65
2025-06-16,针织开衫,女装,30.61,5,153.05,93.86,59.19
2025-06-16,牛仔短裙,女装,41.41,2,82.82,29.33,53.49
2025-06-16,雪纺衬衫,女装,270.97,46,12464.62,8398.76,4065.86
2025-06-16,防晒喷雾,美妆,247.19,10,2471.9,1207.0,1264.9
2025-06-16,口红套装,美妆,237.9,45,10705.5,5542.98,5162.52
2025-06-16,无线蓝牙耳机,数码,392.57,18,7066.26,2553.23,4513.03
2025-06-16,快充充电器,数码,440.18,39,17167.02,7454.5,9712.52
2025-06-16,手机支架,数码,104.12,20,2082.4,921.78,1160.62
2025-06-16,USB-C 数据线,数码,417.09,38,15849.42,6328.09,9521.33
2025-06-16,屏幕清洁套装,数码,360.19,44,15848.36,6746.02,9102.34
2025-06-16,乳胶枕头,家居,408.69,24,9808.56,5140.08,4668.48
2025-06-16,遮光窗帘,家居,379.34,37,14035.58,7789.86,6245.72
2025-06-16,收纳箱三件套,家居,364.22,13,4734.86,1545.11,3189.75
2025-06-16,桌布套装,家居,99.5,1,99.5,56.64,42.86
2025-06-17,碎花连衣裙,女装,223.64,30,6709.2,3544.58,3164.62
2025-06-17,针织开衫,女装,313.55,27,8465.85,4770.09,3695.76
2025-06-17,牛仔短裙,女装,15.3,31,474.3,279.62,194.68
2025-06-17,保湿面霜,美妆,168.06,28,4705.68,1844.71,2860.97
2025-06-17,防晒喷雾,美妆,189.15,16,3026.4,948.19,2078.21
2025-06-17,口红套装,美妆,348.49,39,13591.11,5936.13,7654.98
2025-06-17,眼线笔,美妆,110.05,47,5172.35,3444.69,1727.66
2025-06-17,无线蓝牙耳机,数码,190.98,25,4774.5,2403.11,2371.39
2025-06-17,快充充电器,数码,62.09,15,931.35,624.75,306.6
2025-06-17,手机支架,数码,121.0,48,5808.0,1998.29,3809.71
2025-06-17,USB-C 数据线,数码,186.23,19,3538.37,2305.81,1232.56
2025-06-17,屏幕清洁套装,数码,407.42,17,6926.14,3066.74,3859.4
2025-06-17,乳胶枕头,家居,249.71,37,9239.27,5653.19,3586.08
2025-06-17,收纳箱三件套,家居,402.81,39,15709.59,5428.83,10280.76
2025-06-17,香薰蜡烛,家居,199.24,17,3387.08,2319.94,1067.14
2025-06-17,桌布套装,家居,285.65,29,8283.85,2535.49,5748.36
2025-06-18,碎花连衣裙,女装,78.97,46,3632.62,1866.86,1765.76
2025-06-18,高腰阔腿裤,女装,260.08,46,11963.68,7235.56,4728.12
2025-06-18,牛仔短裙,女装,438.7,7,3070.9,1526.95,1543.95
2025-06-18,保湿面霜,美妆,284.93,33,9402.69,3403.46,5999.23
2025-06-18,卸妆油,美妆,94.07,9,846.63,273.16,573.47
2025-06-18,无线蓝牙耳机,数码,469.16,45,21112.2,9185.93,11926.27
2025-06-18,快充充电器,数码,146.88,42,6168.96,1886.54,4282.42
2025-06-18,手机支架,数码,450.89,41,18486.49,6567.76,11918.73
2025-06-18,USB-C 数据线,数码,100.17,26,2604.42,1609.52,994.9
2025-06-18,屏幕清洁套装,数码,309.92,2,619.84,276.78,343.06
2025-06-18,收纳箱三件套,家居,71.48,8,571.84,223.19,348.65
2025-06-18,香薰蜡烛,家居,243.78,43,10482.54,4483.46,5999.08
2025-06-18,桌布套装,家居,390.3,24,9367.2,4392.48,4974.72
2025-06-19,高腰阔腿裤,女装,68.59,49,3360.91,1753.53,1607.38
2025-06-19,针织开衫,女装,344.73,49,16891.77,10040.02,6851.75
2025-06-19,雪纺衬衫,女装,320.77,33,10585.41,4103.62,6481.79
2025-06-19,保湿面霜,美妆,153.69,24,3688.56,1696.85,1991.71
2025-06-19,眼线笔,美妆,197.39,50,9869.5,4375.6,5493.9
2025-06-19,卸妆油,美妆,481.5,40,19260.0,10556.69,8703.31
2025-06-19,无线蓝牙耳机,数码,348.63,40,13945.2,5334.09,8611.11
2025-06-19,快充充电器,数码,46.8,17,795.6,410.74,384.86
2025-06-19,手机支架,数码,80.78,15,1211.7,521.6,690.1
2025-06-19,USB-C 数据线,数码,480.68,32,15381.76,8878.47,6503.29
2025-06-19,屏幕清洁套装,数码,198.84,50,9942.0,5728.16,4213.84
2025-06-19,遮光窗帘,家居,20.65,6,123.9,79.48,44.42
2025-06-19,收纳箱三件套,家居,162.2,4,648.8,374.49,274.31
2025-06-19,香薰蜡烛,家居,337.02,28,9436.56,6055.41,3381.15
2025-06-19,桌布套装,家居,245.61,49,12034.89,5663.25,6371.64
2025-06-20,碎花连衣裙,女装,144.09,41,5907.69,3877.37,2030.32
2025-06-20,高腰阔腿裤,女装,386.95,22,8512.9,2843.95,5668.95
2025-06-20,针织开衫,女装,343.08,6,2058.48,1383.53,674.95
2025-06-20,牛仔短裙,女装,62.78,23,1443.94,617.62,826.32
2025-06-20,保湿面霜,美妆,174.53,39,6806.67,4473.84,2332.83
2025-06-20,防晒喷雾,美妆,58.14,5,290.7,167.81,122.89
2025-06-20,口红套装,美妆,400.01,42,16800.42,10636.73,6163.69
2025-06-20,卸妆油,美妆,402.4,28,11267.2,6535.27,4731.93
2025-06-20,快充充电器,数码,146.48,45,6591.6,3509.85,3081.75
2025-06-20,USB-C 数据线,数码,274.05,8,2192.4,1018.82,1173.58
2025-06-20,屏幕清洁套装,数码,352.55,8,2820.4,1808.65,1011.75
2025-06-20,乳胶枕头,家居,483.71,32,15478.72,7286.87,8191.85
2025-06-20,遮光窗帘,家居,272.93,44,12008.92,4203.65,7805.27
2025-06-20,收纳箱三件套,家居,265.55,6,1593.3,1024.5,568.8
2025-06-20,香薰蜡烛,家居,87.86,23,2020.78,613.52,1407.26
2025-06-20,桌布套装,家居,214.31,42,9001.02,5684.33,3316.69
2025-06-21,高腰阔腿裤,女装,93.54,15,1403.1,888.22,514.88
2025-06-21,牛仔短裙,女装,280.92,30,8427.6,4994.1,3433.5
2025-06-21,雪纺衬衫,女装,320.03,38,12161.14,6862.01,5299.13
2025-06-21,保湿面霜,美妆,149.68,45,6735.6,4671.4,2064.2
2025-06-21,防晒喷雾,美妆,28.75,17,488.75,153.0,335.75
2025-06-21,口红套装,美妆,472.58,23,10869.34,5938.31,4931.03
2025-06-21,眼线笔,美妆,396.05,49,19406.45,10857.41,8549.04
2025-06-21,卸妆油,美妆,29.29,11,322.19,157.24,164.95
2025-06-21,无线蓝牙耳机,数码,493.29,48,23677.92,14860.62,8817.3
2025-06-21,快充充电器,数码,99.81,30,2994.3,2014.51,979.79
2025-06-21,手机支架,数码,467.1,13,6072.3,4196.76,1875.54
2025-06-21,USB-C 数据线,数码,250.14,36,9005.04,5503.04,3502.0
2025-06-21,屏幕清洁套装,数码,495.08,32,15842.56,5498.09,10344.47
2025-06-21,乳胶枕头,家居,331.02,28,9268.56,5857.37,3411.19
2025-06-21,遮光窗帘,家居,498.5,33,16450.5,9172.67,7277.83
2025-06-21,收纳箱三件套,家居,269.01,20,5380.2,3605.44,1774.76
2025-06-21,香薰蜡烛,家居,421.99,2,843.98,363.78,480.2
2025-06-21,桌布套装,家居,441.48,38,16776.24,7775.23,9001.01
2025-06-22,碎花连衣裙,女装,41.44,47,1947.68,983.65,964.03
2025-06-22,高腰阔腿裤,女装,194.95,3,584.85,390.5,194.35
2025-06-22,牛仔短裙,女装,215.3,12,2583.6,1772.61,810.99
2025-06-22,雪纺衬衫,女装,15.55,35,544.25,247.56,296.69
2025-06-22,无线蓝牙耳机,数码,216.76,3,650.28,428.79,221.49
2025-06-22,快充充电器,数码,474.62,37,17560.94,8043.02,9517.92
2025-06-22,手机支架,数码,192.5,9,1732.5,618.35,1114.15
2025-06-22,USB-C 数据线,数码,272.1,12,3265.2,1345.28,1919.92
2025-06-22,屏幕清洁套装,数码,396.9,28,11113.2,6945.22,4167.98
2025-06-22,乳胶枕头,家居,221.93,2,443.86,169.0,274.86
2025-06-22,收纳箱三件套,家居,248.71,9,2238.39,825.12,1413.27
2025-06-23,碎花连衣裙,女装,446.72,30,13401.6,6711.86,6689.74
2025-06-23,高腰阔腿裤,女装,363.18,24,8716.32,5173.45,3542.87
2025-06-23,针织开衫,女装,431.22,3,1293.66,859.67,433.99
2025-06-23,牛仔短裙,女装,181.72,9,1635.48,661.39,974.09
2025-06-23,雪纺衬衫,女装,97.08,24,2329.92,912.5,1417.42
2025-06-23,口红套装,美妆,386.2,21,8110.2,4092.62,4017.58
2025-06-23,眼线笔,美妆,471.52,22,10373.44,4266.91,6106.53
2025-06-23,无线蓝牙耳机,数码,215.11,29,6238.19,4340.36,1897.83
2025-06-23,快充充电器,数码,90.31,4,361.24,173.02,188.22
2025-06-23,手机支架,数码,127.11,23,2923.53,1569.57,1353.96
2025-06-23,USB-C 数据线,数码,448.31,6,2689.86,841.53,1848.33
2025-06-23,屏幕清洁套装,数码,413.03,4,1652.12,1006.43,645.69
2025-06-23,乳胶枕头,家居,280.91,17,4775.47,1881.33,2894.14
2025-06-23,遮光窗帘,家居,83.52,12,1002.24,380.51,621.73
2025-06-23,收纳箱三件套,家居,325.79,43,14008.97,5272.99,8735.98
2025-06-23,桌布套装,家居,185.45,32,5934.4,2256.48,3677.92
2025-06-24,碎花连衣裙,女装,81.68,36,2940.48,1232.56,1707.92
2025-06-24,高腰阔腿裤,女装,251.45,15,3771.75,1805.16,1966.59
2025-06-24,针织开衫,女装,200.32,14,2804.48,1653.23,1151.25
2025-06-24,雪纺衬衫,女装,281.22,39,10967.58,3689.39,7278.19
2025-06-24,保湿面霜,美妆,157.24,27,4245.48,1737.51,2507.97
2025-06-24,口红套装,美妆,141.66,18,2549.88,1768.82,781.06
2025-06-24,眼线笔,美妆,32.98,44,1451.12,442.67,1008.45
2025-06-24,手机支架,数码,370.8,9,3337.2,1507.0,1830.2
2025-06-24,USB-C 数据线,数码,27.55,14,385.7,184.65,201.05
2025-06-24,屏幕清洁套装,数码,491.7,16,7867.2,3129.62,4737.58
2025-06-24,乳胶枕头,家居,328.73,36,11834.28,4663.81,7170.47
2025-06-24,遮光窗帘,家居,205.76,28,5761.28,2623.21,3138.07
2025-06-24,收纳箱三件套,家居,282.35,31,8752.85,5857.12,2895.73
2025-06-24,香薰蜡烛,家居,158.06,23,3635.38,1794.4,1840.98
2025-06-25,高腰阔腿裤,女装,87.74,48,4211.52,1773.37,2438.15
2025-06-25,保湿面霜,美妆,462.33,43,19880.19,9717.14,10163.05
2025-06-25,防晒喷雾,美妆,259.2,21,5443.2,3198.63,2244.57
2025-06-25,口红套装,美妆,274.09,41,11237.69,3553.66,7684.03
2025-06-25,卸妆油,美妆,263.79,1,263.79,139.32,124.47
2025-06-25,无线蓝牙耳机,数码,40.46,15,606.9,203.57,403.33
2025-06-25,快充充电器,数码,222.68,15,3340.2,2023.66,1316.54
2025-06-25,手机支架,数码,163.25,1,163.25,55.97,107.28
2025-06-25,USB-C 数据线,数码,165.6,24,3974.4,2176.5,1797.9
2025-06-25,收纳箱三件套,家居,93.6,14,1310.4,551.28,759.12
2025-06-25,桌布套装,家居,216.33,31,6706.23,3583.43,3122.8
2025-06-26,碎花连衣裙,女装,286.48,31,8880.88,4984.31,3896.57
2025-06-26,高腰阔腿裤,女装,278.22,27,7511.94,4378.97,3132.97
2025-06-26,牛仔短裙,女装,178.62,17,3036.54,2116.59,919.95
2025-06-26,保湿面霜,美妆,117.29,38,4457.02,2330.1,2126.92
2025-06-26,防晒喷雾,美妆,29.72,10,297.2,134.98,162.22
2025-06-26,手机支架,数码,447.4,5,2237.0,1369.11,867.89
2025-06-26,USB-C 数据线,数码,102.53,12,1230.36,435.58,794.78
2025-06-26,屏幕清洁套装,数码,325.41,1,325.41,183.22,142.19
2025-06-26,遮光窗帘,家居,438.54,44,19295.76,5796.19,13499.57
2025-06-26,收纳箱三件套,家居,310.89,25,7772.25,4438.3,3333.95
2025-06-26,香薰蜡烛,家居,195.28,33,6444.24,3130.99,3313.25
2025-06-26,桌布套装,家居,36.37,14,509.18,189.55,319.63
2025-06-27,高腰阔腿裤,女装,24.37,33,804.21,344.59,459.62
2025-06-27,针织开衫,女装,492.31,28,13784.68,7642.4,6142.28
2025-06-27,牛仔短裙,女装,24.54,48,1177.92,431.28,746.64
2025-06-27,雪纺衬衫,女装,195.82,26,5091.32,3517.03,1574.29
2025-06-27,保湿面霜,美妆,366.91,44,16144.04,7980.14,8163.9
2025-06-27,口红套装,美妆,82.6,10,826.0,293.87,532.13
2025-06-27,眼线笔,美妆,89.91,38,3416.58,2301.74,1114.84
2025-06-27,卸妆油,美妆,100.75,28,2821.0,1258.23,1562.77
2025-06-27,无线蓝牙耳机,数码,121.57,18,2188.26,1002.51,1185.75
2025-06-27,手机支架,数码,324.58,29,9412.82,2899.28,6513.54
2025-06-27,USB-C 数据线,数码,314.41,29,9117.89,4619.68,4498.21
2025-06-27,乳胶枕头,家居,292.61,20,5852.2,1756.56,4095.64
2025-06-27,收纳箱三件套,家居,327.67,46,15072.82,6117.13,8955.69
2025-06-27,香薰蜡烛,家居,90.86,4,363.44,206.13,157.31
2025-06-27,桌布套装,家居,356.2,1,356.2,143.62,212.58
2025-06-28,碎花连衣裙,女装,114.78,42,4820.76,3340.73,1480.03
2025-06-28,牛仔短裙,女装,472.54,17,8033.18,5516.32,2516.86
2025-06-28,雪纺衬衫,女装,218.23,38,8292.74,2834.82,5457.92
2025-06-28,保湿面霜,美妆,242.93,5,1214.65,584.15,630.5
2025-06-28,防晒喷雾,美妆,335.07,4,1340.28,456.31,883.97
2025-06-28,口红套装,美妆,80.33,3,240.99,90.08,150.91
2025-06-28,无线蓝牙耳机,数码,132.83,44,5844.52,3888.72,1955.8
2025-06-28,手机支架,数码,78.09,47,3670.23,2392.88,1277.35
2025-06-28,屏幕清洁套装,数码,341.07,7,2387.49,1173.27,1214.22
2025-06-28,乳胶枕头,家居,300.86,38,11432.68,7761.84,3670.84
2025-06-28,遮光窗帘,家居,298.27,9,2684.43,1111.83,1572.6
2025-06-28,香薰蜡烛,家居,310.78,30,9323.4,5121.5,4201.9
2025-06-29,高腰阔腿裤,女装,473.69,2,947.38,335.82,611.56
2025-06-29,雪纺衬衫,女装,464.39,32,14860.48,6706.61,8153.87
2025-06-29,保湿面霜,美妆,274.99,49,13474.51,4889.98,8584.53
2025-06-29,防晒喷雾,美妆,494.31,12,5931.72,4078.62,1853.1
2025-06-29,口红套装,美妆,455.14,7,3185.98,1431.04,1754.94
2025-06-29,卸妆油,美妆,57.74,13,750.62,449.86,300.76
2025-06-29,无线蓝牙耳机,数码,483.36,17,8217.12,3445.9,4771.22
2025-06-29,快充充电器,数码,444.71,48,21346.08,11938.89,9407.19
2025-06-29,USB-C 数据线,数码,76.95,26,2000.7,610.63,1390.07
2025-06-29,遮光窗帘,家居,180.61,44,7946.84,5530.64,2416.2
2025-06-29,收纳箱三件套,家居,163.51,45,7357.95,2588.35,4769.6
2025-06-29,香薰蜡烛,家居,463.73,39,18085.47,8220.96,9864.51
2025-06-29,桌布套装,家居,191.38,45,8612.1,5509.01,3103.09
